[
  {
    "id": "47777e85-d2c0-4cda-b410-0b06af1c9e2a",
    "data": [
      {
        "text": "you measure",
        "userDefined": false
      }
    ],
    "isTemplate": false,
    "count": 0,
    "lang": "en",
    "updated": 0
  },
  {
    "id": "ca1f5c07-6011-4330-a8ea-5620f2755fc3",
    "data": [
      {
        "text": "I want to make canoe Mitchell",
        "userDefined": false
      }
    ],
    "isTemplate": false,
    "count": 0,
    "lang": "en",
    "updated": 0
  },
  {
    "id": "40bd0ace-6306-4717-9838-427bb09a7b06",
    "data": [
      {
        "text": "I want to make canoe make sure",
        "userDefined": false
      }
    ],
    "isTemplate": false,
    "count": 1,
    "lang": "en",
    "updated": 0
  },
  {
    "id": "69104ff8-efb5-4033-8df2-b650e335bbe3",
    "data": [
      {
        "text": "I want to make make sure",
        "userDefined": false
      }
    ],
    "isTemplate": false,
    "count": 0,
    "lang": "en",
    "updated": 0
  },
  {
    "id": "67e72ef7-c456-4bde-9984-af7a9274b5c9",
    "data": [
      {
        "text": "new mashup",
        "userDefined": false
      }
    ],
    "isTemplate": false,
    "count": 3,
    "lang": "en",
    "updated": 0
  },
  {
    "id": "619e69e8-f943-4152-8508-784239d0de5a",
    "data": [
      {
        "text": "I want to make a mashup",
        "userDefined": false
      }
    ],
    "isTemplate": false,
    "count": 0,
    "lang": "en",
    "updated": 0
  },
  {
    "id": "00a312c5-5fc9-430d-968d-f0a75cd7495c",
    "data": [
      {
        "text": "i\u0027d like to build a new mashup",
        "userDefined": false
      }
    ],
    "isTemplate": false,
    "count": 0,
    "lang": "en",
    "updated": 0
  },
  {
    "id": "4e29b79c-4ee9-430e-a063-600d10695b3b",
    "data": [
      {
        "text": "i want to make a new mashup",
        "userDefined": false
      }
    ],
    "isTemplate": false,
    "count": 0,
    "lang": "en",
    "updated": 0
  },
  {
    "id": "60640e31-4109-40cb-a2b7-a3f7e18f720f",
    "data": [
      {
        "text": "generate new mashup",
        "userDefined": false
      }
    ],
    "isTemplate": false,
    "count": 0,
    "lang": "en",
    "updated": 0
  },
  {
    "id": "65e0ef3f-6709-41de-98f2-d7eed022c680",
    "data": [
      {
        "text": "create a mashup",
        "userDefined": false
      }
    ],
    "isTemplate": false,
    "count": 0,
    "lang": "en",
    "updated": 0
  },
  {
    "id": "2c6801b6-4fa8-44e7-91bd-1a23dcfc2ae3",
    "data": [
      {
        "text": "i\u0027d like to build a mashup",
        "userDefined": false
      }
    ],
    "isTemplate": false,
    "count": 0,
    "lang": "en",
    "updated": 0
  },
  {
    "id": "59b8c17f-6857-42ba-9548-eb47d710acb1",
    "data": [
      {
        "text": "create new mashup",
        "userDefined": false
      }
    ],
    "isTemplate": false,
    "count": 0,
    "lang": "en",
    "updated": 0
  },
  {
    "id": "1cd2db05-88c3-45b5-9a1c-eca200e19509",
    "data": [
      {
        "text": "i want to make my mashup",
        "userDefined": false
      }
    ],
    "isTemplate": false,
    "count": 0,
    "lang": "en",
    "updated": 0
  },
  {
    "id": "6292ab73-14f9-427e-95e5-637fc2096fd7",
    "data": [
      {
        "text": "i want to create own mashup",
        "userDefined": false
      }
    ],
    "isTemplate": false,
    "count": 0,
    "lang": "en",
    "updated": 0
  },
  {
    "id": "bdb48ed2-afb1-4485-bc11-03a3c2eb3d85",
    "data": [
      {
        "text": "i would like to make a new mashup",
        "userDefined": false
      }
    ],
    "isTemplate": false,
    "count": 0,
    "lang": "en",
    "updated": 0
  },
  {
    "id": "0bcae081-c064-42f8-b6a7-ccebf57c3953",
    "data": [
      {
        "text": "create a new mashup",
        "userDefined": false
      }
    ],
    "isTemplate": false,
    "count": 0,
    "lang": "en",
    "updated": 0
  },
  {
    "id": "a4143060-b139-49f6-9e56-efb2f50747d8",
    "data": [
      {
        "text": "build new mashup",
        "userDefined": false
      }
    ],
    "isTemplate": false,
    "count": 0,
    "lang": "en",
    "updated": 0
  },
  {
    "id": "2c344ef3-a326-4876-880a-dacaf438208b",
    "data": [
      {
        "text": "make new mashup",
        "userDefined": false
      }
    ],
    "isTemplate": false,
    "count": 0,
    "lang": "en",
    "updated": 0
  },
  {
    "id": "1f3675da-7c51-427c-bd05-058562536e00",
    "data": [
      {
        "text": "make a mashup by myself",
        "userDefined": false
      }
    ],
    "isTemplate": false,
    "count": 0,
    "lang": "en",
    "updated": 0
  },
  {
    "id": "f414377e-95b0-4de2-8253-9a96b2b06b23",
    "data": [
      {
        "text": "a new mashup",
        "userDefined": false
      }
    ],
    "isTemplate": false,
    "count": 0,
    "lang": "en",
    "updated": 0
  }
]