[
  {
    "id": "ec83f6a8-3e8d-4c92-a14a-a864dec9f6e0",
    "data": [
      {
        "text": "i",
        "meta": "@sys.ignore",
        "userDefined": false
      },
      {
        "text": "\u0027m thinking",
        "userDefined": false
      }
    ],
    "isTemplate": false,
    "count": 0,
    "lang": "en",
    "updated": 0
  },
  {
    "id": "3c12f682-32dd-40dd-bf88-36e18e1de2f6",
    "data": [
      {
        "text": "please wait",
        "userDefined": false
      }
    ],
    "isTemplate": false,
    "count": 0,
    "lang": "en",
    "updated": 0
  },
  {
    "id": "4c0ff6ca-81fa-4e2d-beba-4f0577292c17",
    "data": [
      {
        "text": "pause",
        "meta": "@sys.ignore",
        "userDefined": false
      },
      {
        "text": " mashup",
        "userDefined": false
      }
    ],
    "isTemplate": false,
    "count": 0,
    "lang": "en",
    "updated": 0
  },
  {
    "id": "e1876f73-01a6-4380-b63b-323495741c1d",
    "data": [
      {
        "text": "i",
        "meta": "@sys.ignore",
        "userDefined": false
      },
      {
        "text": " need some time",
        "userDefined": false
      }
    ],
    "isTemplate": false,
    "count": 0,
    "lang": "en",
    "updated": 0
  },
  {
    "id": "d743d927-0916-44f8-8d9a-46b7c5327863",
    "data": [
      {
        "text": "I",
        "meta": "@sys.ignore",
        "userDefined": false
      },
      {
        "text": " need time",
        "userDefined": false
      }
    ],
    "isTemplate": false,
    "count": 0,
    "lang": "en",
    "updated": 0
  },
  {
    "id": "2270b8f1-3498-44cd-aa83-d94c7168076f",
    "data": [
      {
        "text": "i",
        "meta": "@sys.ignore",
        "userDefined": false
      },
      {
        "text": " want to ",
        "userDefined": false
      },
      {
        "text": "pause",
        "meta": "@sys.ignore",
        "userDefined": false
      }
    ],
    "isTemplate": false,
    "count": 0,
    "lang": "en",
    "updated": 0
  },
  {
    "id": "e2307691-4144-4d83-a225-3838a2836252",
    "data": [
      {
        "text": "i",
        "meta": "@sys.ignore",
        "userDefined": false
      },
      {
        "text": " need a time to think",
        "userDefined": false
      }
    ],
    "isTemplate": false,
    "count": 0,
    "lang": "en",
    "updated": 0
  },
  {
    "id": "891e579d-d07f-48ab-9bdb-8f4aa3da050c",
    "data": [
      {
        "text": "wait for a moment",
        "userDefined": false
      }
    ],
    "isTemplate": false,
    "count": 0,
    "lang": "en",
    "updated": 0
  },
  {
    "id": "c616a57b-1d2c-4f90-bd8e-d3d0b450e59b",
    "data": [
      {
        "text": "wait",
        "userDefined": false
      }
    ],
    "isTemplate": false,
    "count": 0,
    "lang": "en",
    "updated": 0
  },
  {
    "id": "fef8aed1-f72a-413b-b8af-89bf63110f08",
    "data": [
      {
        "text": "pause",
        "meta": "@sys.ignore",
        "userDefined": false
      }
    ],
    "isTemplate": false,
    "count": 0,
    "lang": "en",
    "updated": 0
  }
]