[
  {
    "id": "11188826-dac8-4d66-b48f-e2fd321b0d97",
    "data": [
      {
        "text": "undo the ",
        "userDefined": false
      },
      {
        "text": "last",
        "meta": "@sys.ignore",
        "userDefined": false
      }
    ],
    "isTemplate": false,
    "count": 0,
    "lang": "en",
    "updated": 0
  },
  {
    "id": "a7578d25-c74e-4046-a430-0bb7ad9ffbd4",
    "data": [
      {
        "text": "cancel the ",
        "userDefined": false
      },
      {
        "text": "last",
        "meta": "@sys.ignore",
        "userDefined": false
      },
      {
        "text": " command",
        "userDefined": false
      }
    ],
    "isTemplate": false,
    "count": 0,
    "lang": "en",
    "updated": 0
  },
  {
    "id": "dddadaf9-3bd4-46ad-acbc-0765cefb5bae",
    "data": [
      {
        "text": "cancel the ",
        "userDefined": false
      },
      {
        "text": "last",
        "meta": "@sys.ignore",
        "userDefined": false
      }
    ],
    "isTemplate": false,
    "count": 0,
    "lang": "en",
    "updated": 0
  },
  {
    "id": "678d3bec-acca-4127-8250-7d3259e5a5bd",
    "data": [
      {
        "text": "cancel",
        "userDefined": false
      }
    ],
    "isTemplate": false,
    "count": 0,
    "lang": "en",
    "updated": 0
  },
  {
    "id": "3f7f1424-175b-4d50-a26b-ff92a2c91fbc",
    "data": [
      {
        "text": "back to the ",
        "userDefined": false
      },
      {
        "text": "last",
        "meta": "@sys.ignore",
        "userDefined": false
      }
    ],
    "isTemplate": false,
    "count": 0,
    "lang": "en",
    "updated": 0
  },
  {
    "id": "17c7b18f-0798-4932-8a90-6e793a01e8b1",
    "data": [
      {
        "text": "go backward",
        "userDefined": false
      }
    ],
    "isTemplate": false,
    "count": 0,
    "lang": "en",
    "updated": 0
  },
  {
    "id": "e781be28-9c97-4953-ae6c-62334f6907c5",
    "data": [
      {
        "text": "go back",
        "userDefined": false
      }
    ],
    "isTemplate": false,
    "count": 0,
    "lang": "en",
    "updated": 0
  },
  {
    "id": "71c0ef11-c34a-45fd-b2ac-4c7047ed93c7",
    "data": [
      {
        "text": "back",
        "userDefined": false
      }
    ],
    "isTemplate": false,
    "count": 0,
    "lang": "en",
    "updated": 0
  },
  {
    "id": "45c1be66-5ed4-4f8b-b82e-84585ded8b97",
    "data": [
      {
        "text": "undo it",
        "userDefined": false
      }
    ],
    "isTemplate": false,
    "count": 0,
    "lang": "en",
    "updated": 0
  },
  {
    "id": "a9a31c98-7c7b-4b55-b62d-ef90eee73e8d",
    "data": [
      {
        "text": "revert it",
        "userDefined": false
      }
    ],
    "isTemplate": false,
    "count": 0,
    "lang": "en",
    "updated": 0
  },
  {
    "id": "505d277a-8355-496e-b1c3-74799da315ce",
    "data": [
      {
        "text": "undo the ",
        "userDefined": false
      },
      {
        "text": "last",
        "meta": "@sys.ignore",
        "userDefined": false
      },
      {
        "text": " command",
        "userDefined": false
      }
    ],
    "isTemplate": false,
    "count": 0,
    "lang": "en",
    "updated": 0
  },
  {
    "id": "1bab5430-7f10-4a26-a08c-4be206a03dcb",
    "data": [
      {
        "text": "undo",
        "userDefined": false
      }
    ],
    "isTemplate": false,
    "count": 0,
    "lang": "en",
    "updated": 0
  }
]