[
  {
    "value": "open",
    "synonyms": [
      "open"
    ]
  },
  {
    "value": "close",
    "synonyms": [
      "close"
    ]
  },
  {
    "value": "enable",
    "synonyms": [
      "enable",
      "turn on",
      "play",
      "resume",
      "start",
      "lock",
      "start playing",
      "activate",
      "begin",
      "power on",
      "switch on",
      "operate"
    ]
  },
  {
    "value": "disable",
    "synonyms": [
      "disable",
      "turn off",
      "pause",
      "stop",
      "unlock",
      "stop playing",
      "deactivate",
      "power off",
      "switch off"
    ]
  },
  {
    "value": "increase",
    "synonyms": [
      "increase",
      "raise",
      "brighten",
      "more than"
    ]
  },
  {
    "value": "decrease",
    "synonyms": [
      "decrease",
      "lower",
      "darken",
      "less than"
    ]
  },
  {
    "value": "check",
    "synonyms": [
      "check",
      "measure"
    ]
  },
  {
    "value": "set",
    "synonyms": [
      "set",
      "change"
    ]
  },
  {
    "value": "make",
    "synonyms": [
      "make"
    ]
  },
  {
    "value": "come",
    "synonyms": [
      "come",
      "arrive",
      "enter",
      "came"
    ]
  },
  {
    "value": "leave",
    "synonyms": [
      "leave",
      "depart",
      "exit",
      "go out",
      "get out"
    ]
  },
  {
    "value": "remind",
    "synonyms": [
      "remind",
      "notify"
    ]
  },
  {
    "value": "invoke",
    "synonyms": [
      "invoke",
      "call",
      "summon",
      "ask"
    ]
  },
  {
    "value": "turn",
    "synonyms": [
      "turn",
      "turning",
      "power",
      "switch"
    ]
  }
]