[
  {
    "value": "air conditioner",
    "synonyms": [
      "air conditioner",
      "cooling",
      "cooling system",
      "fan",
      "air-con"
    ]
  },
  {
    "value": "air purifier",
    "synonyms": [
      "air purifier",
      "air quality"
    ]
  },
  {
    "value": "thermostat",
    "synonyms": [
      "thermostat",
      "temperature"
    ]
  },
  {
    "value": "heater",
    "synonyms": [
      "heater",
      "heating system",
      "heating"
    ]
  },
  {
    "value": "TV",
    "synonyms": [
      "TV",
      "television",
      "smart TV",
      "projector"
    ]
  },
  {
    "value": "shade",
    "synonyms": [
      "shade",
      "blind",
      "smart shade",
      "smart blind",
      "curtain"
    ]
  },
  {
    "value": "light",
    "synonyms": [
      "light",
      "bulbs",
      "lighting",
      "lighting system",
      "hue",
      "brightness"
    ]
  },
  {
    "value": "humidifier",
    "synonyms": [
      "humidifier",
      "humid",
      "humidity"
    ]
  },
  {
    "value": "watering",
    "synonyms": [
      "watering",
      "watering system"
    ]
  },
  {
    "value": "window",
    "synonyms": [
      "window",
      "windows",
      "windows system"
    ]
  },
  {
    "value": "security",
    "synonyms": [
      "security",
      "security system",
      "doorlock",
      "lock",
      "door-lock",
      "door lock",
      "surveillance",
      "surveillance system",
      "CCTV"
    ]
  },
  {
    "value": "alarm",
    "synonyms": [
      "alarm"
    ]
  },
  {
    "value": "air pressure",
    "synonyms": [
      "air pressure"
    ]
  },
  {
    "value": "noise",
    "synonyms": [
      "noise",
      "noise level"
    ]
  },
  {
    "value": "audio",
    "synonyms": [
      "audio",
      "music",
      "hi-fi",
      "speaker",
      "volume"
    ]
  },
  {
    "value": "self",
    "synonyms": [
      "self",
      "myself",
      "I",
      "my",
      "me"
    ]
  },
  {
    "value": "success",
    "synonyms": [
      "success",
      "successful",
      "done",
      "finish",
      "finished"
    ]
  },
  {
    "value": "fail",
    "synonyms": [
      "fail",
      "failed",
      "failure",
      "not"
    ]
  },
  {
    "value": "that",
    "synonyms": [
      "that",
      "all",
      "everything"
    ]
  },
  {
    "value": "weather",
    "synonyms": [
      "weather",
      "day",
      "raining",
      "rainy",
      "cloudy",
      "foggy",
      "storm",
      "snowing",
      "snowy",
      "sunny",
      "lain",
      "laning",
      "laining",
      "rain",
      "lane"
    ]
  },
  {
    "value": "computer",
    "synonyms": [
      "computer",
      "PC",
      "laptop",
      "notebook",
      "macbook",
      "Mac"
    ]
  },
  {
    "value": "chatbot",
    "synonyms": [
      "chatbot",
      "agent",
      "conversational agent",
      "you",
      "mashup agent",
      "command",
      "keyword"
    ]
  }
]