[
  {
    "value": "first",
    "synonyms": [
      "first",
      "firstly"
    ]
  },
  {
    "value": "then",
    "synonyms": [
      "then",
      "and",
      "also",
      "second",
      "third"
    ]
  },
  {
    "value": "before",
    "synonyms": [
      "before"
    ]
  },
  {
    "value": "after",
    "synonyms": [
      "after"
    ]
  },
  {
    "value": "if",
    "synonyms": [
      "if",
      "when",
      "check if",
      "whether",
      "check whether"
    ]
  },
  {
    "value": "last",
    "synonyms": [
      "last",
      "finally",
      "lastly"
    ]
  },
  {
    "value": "at",
    "synonyms": [
      "at"
    ]
  }
]